CE,id
0.342465753424658,Chutanli
0.419354838709677,Island
0.402469135802469,Nadina
0.256188118811881,Shovel
0.272727272727273,Tezzeron
0.360526315789474,Verdun
