"OPENING_ID","OPENING_ID.1","PropResOverlap"
-584540000,1050692,0.560821766158906
-584490000,-583840000,0.365951380854073
-570070000,1710139,0.601319759381903
-570060000,1710139,0.629771432270116
-570040000,1710139,0.699967388229729
-570030000,1650142,0.903969209348033
-569920000,1070712,0.285670161197103
-513340000,1417510,0.993795905487343
-513250000,1417512,0.986499882331028
-513200000,1418631,0.989039982271068
-513060000,1417270,0.992701215740361
-512750000,1658741,0.743520037182755
-512650000,1656066,1
-512030000,1669539,0.353842761662055
3790,1260822,0.305913224233914
3792,1663144,0.273360065632104
3794,-583900000,0.565505911044278
3922,1051930,0.860930731409492
15614,1657040,0.363082897480023
15751,1656089,0.313532520785972
15757,1417514,0.985960302954717
45219,-584310000,0.323583751128554
66499,1416750,0.752147511961385
1050561,1069592,1
1050691,1215737,0.464617486548661
1051930,3922,0.38794700534888
1065822,1050687,0.366159239502168
1071942,1456634,0.999990195134044
1240791,1065685,0.981147632434147
1279798,1255340,0.26062133057025
1416750,66499,0.987109905203979
1417270,-513060000,0.986709427848529
1417510,-513340000,0.500834452888104
1417512,-513250000,0.972459799333918
1417514,15757,0.786265387516946
1418631,-513200000,0.965648961170719
1456678,-514250000,0.297004618646748
1650142,-570030000,0.736456995777552
1656066,-512650000,1
1656089,15751,0.998127128020739
1657040,15614,0.926401066474636
1658741,-512750000,1
1681595,1698322,0.972208153025941
1681596,1698322,0.632866703885809
1710139,-570040000,0.279840900910954
